[{"created":"20250416232722137","text":"","title":"Committee/ACTBLUE","tags":"Committee","caption":"ACTBLUE","modified":"20250417002022896","persuasion":"Liberal"},{"created":"20250416232722590","title":"Committee/ALSOBROOKS FOR SENATE","text":"","tags":"Committee","caption":"ALSOBROOKS FOR SENATE","modified":"20250417002332124","persuasion":"Liberal"},{"created":"20250416232722515","title":"Committee/AMERIPAC: THE FUND FOR A GREATER AMERICA","text":"","tags":"Committee","caption":"AMERIPAC: THE FUND FOR A GREATER AMERICA","modified":"20250417002402307","persuasion":"Liberal"},{"created":"20250416232722213","title":"Committee/BERNIE 2016","text":"","tags":"Committee","caption":"BERNIE 2016","modified":"20250417002403242","persuasion":"Liberal"},{"created":"20250416232722307","title":"Committee/BERNIE 2020","text":"","tags":"Committee","caption":"BERNIE 2020","modified":"20250417002404032","persuasion":"Liberal"},{"created":"20250416232722351","title":"Committee/BETH VAN DUYNE FOR CONGRESS","text":"","tags":"Committee","caption":"BETH VAN DUYNE FOR CONGRESS","modified":"20250417002438584","persuasion":"Conservative"},{"created":"20250416232722293","title":"Committee/BETO FOR TEXAS","text":"","tags":"Committee","caption":"BETO FOR TEXAS","modified":"20250417002443149","persuasion":"Liberal"},{"created":"20250416232722333","title":"Committee/BIDEN FOR PRESIDENT","text":"","tags":"Committee","caption":"BIDEN FOR PRESIDENT","modified":"20250417002619740","persuasion":"Liberal"},{"created":"20250416232722380","title":"Committee/BIDEN VICTORY FUND","text":"","tags":"Committee","caption":"BIDEN VICTORY FUND","modified":"20250417002622313","persuasion":"Liberal"},{"created":"20250416232722448","title":"Committee/BLUMENTHAL FOR CONNECTICUT","text":"","tags":"Committee","caption":"BLUMENTHAL FOR CONNECTICUT","modified":"20250417002623681","persuasion":"Liberal"},{"created":"20250416232722444","title":"Committee/BLUMENTHAL VICTORY FUND","text":"","tags":"Committee","caption":"BLUMENTHAL VICTORY FUND","modified":"20250417002625294","persuasion":"Liberal"},{"created":"20250416232722578","title":"Committee/BOB CASEY FOR SENATE INC","text":"","tags":"Committee","caption":"BOB CASEY FOR SENATE INC","modified":"20250417002805618","persuasion":"Liberal"},{"created":"20250416232722315","title":"Committee/BULLOCK FOR PRESIDENT","text":"","tags":"Committee","caption":"BULLOCK FOR PRESIDENT","modified":"20250417002845917","persuasion":"Liberal"},{"created":"20250416232722206","title":"Committee/CARSON AMERICA","text":"","tags":"Committee","caption":"CARSON AMERICA","modified":"20250417002933656","persuasion":"Conservative"},{"created":"20250416232722484","title":"Committee/CATHERINE CORTEZ MASTO FOR SENATE","text":"","tags":"Committee","caption":"CATHERINE CORTEZ MASTO FOR SENATE","modified":"20250417003001163","persuasion":"Liberal"},{"created":"20250416232722191","title":"Committee/CITIZENS FOR JOE MILLER","text":"","tags":"Committee","caption":"CITIZENS FOR JOE MILLER","modified":"20250417003038574","persuasion":"Conservative"},{"created":"20250416232722597","title":"Committee/COLIN ALLRED FOR SENATE","text":"","tags":"Committee","caption":"COLIN ALLRED FOR SENATE","modified":"20250417003110408","persuasion":"Liberal"},{"created":"20250416232722173","title":"Committee/COMCAST CORPORATION & NBCUNIVERSAL POLITICAL ACTION COMMITTEE - FEDERAL","text":"","tags":"Committee","caption":"COMCAST CORPORATION & NBCUNIVERSAL POLITICAL ACTION COMMITTEE - FEDERAL","modified":"20250417003113944","persuasion":"Unknown"},{"created":"20250416232722258","title":"Committee/COMMITTEE TO ELECT CHRIS MURPHY","text":"","tags":"Committee","caption":"COMMITTEE TO ELECT CHRIS MURPHY","modified":"20250417003116842","persuasion":"Liberal"},{"created":"20250416232722255","title":"Committee/CONNECTICUT DEMOCRATIC STATE CENTRAL COMMITTEE","text":"","tags":"Committee","caption":"CONNECTICUT DEMOCRATIC STATE CENTRAL COMMITTEE","modified":"20250417003126872","persuasion":"Liberal"},{"created":"20250416232722458","title":"Committee/CONNECTICUT REPUBLICAN PARTY","text":"","tags":"Committee","caption":"CONNECTICUT REPUBLICAN PARTY","modified":"20250417003129131","persuasion":"Conservative"},{"created":"20250416232722562","title":"Committee/CONNECTICUT REPUBLICAN STATE CENTRAL COMMITTEE, INC.","text":"","tags":"Committee","caption":"CONNECTICUT REPUBLICAN STATE CENTRAL COMMITTEE, INC.","modified":"20250417003131325","persuasion":"Conservative"},{"created":"20250416232722169","title":"Committee/COURTNEY FOR CONGRESS","text":"","tags":"Committee","caption":"COURTNEY FOR CONGRESS","modified":"20250417003133364","persuasion":"Liberal"},{"created":"20250416232722409","title":"Committee/CUMMINGS FOR CONGRESS","text":"","tags":"Committee","caption":"CUMMINGS FOR CONGRESS","modified":"20250417004029575","persuasion":"Conservative"},{"created":"20250416232722240","title":"Committee/DCCC","text":"","tags":"Committee","caption":"DCCC","modified":"20250417004031202","persuasion":"Liberal"},{"created":"20250416232722593","title":"Committee/DEFEND FREEDOM, INC.","text":"","tags":"Committee","caption":"DEFEND FREEDOM, INC.","modified":"20250417004121407","persuasion":"Conservative"},{"created":"20250416232722465","title":"Committee/DEMOCRACY DEFENSE FUND","text":"","tags":"Committee","caption":"DEMOCRACY DEFENSE FUND","modified":"20250417004149391","persuasion":"Liberal"},{"created":"20250416232722225","title":"Committee/DEMOCRATIC ACTION","text":"","tags":"Committee","caption":"DEMOCRATIC ACTION","modified":"20250417004151778","persuasion":"Liberal"},{"created":"20250416232722322","title":"Committee/DNC SERVICES CORP / DEMOCRATIC NATIONAL COMMITTEE","text":"","tags":"Committee","caption":"DNC SERVICES CORP / DEMOCRATIC NATIONAL COMMITTEE","modified":"20250417004153109","persuasion":"Liberal"},{"created":"20250416232722221","title":"Committee/DONALD J. TRUMP FOR PRESIDENT, INC.","text":"","tags":"Committee","caption":"DONALD J. TRUMP FOR PRESIDENT, INC.","modified":"20250417004155301","persuasion":"Conservative"},{"created":"20250416232722265","title":"Committee/DOUG JONES FOR SENATE COMMITTEE","text":"","tags":"Committee","caption":"DOUG JONES FOR SENATE COMMITTEE","modified":"20250417004157718","persuasion":"Liberal"},{"created":"20250416232722330","title":"Committee/DSCC","text":"","tags":"Committee","caption":"DSCC","modified":"20250417004159211","persuasion":"Liberal"},{"created":"20250416232722529","title":"Committee/DSI","text":"","tags":"Committee","caption":"DSI","modified":"20250417004255045","persuasion":"Liberal"},{"created":"20250416232722318","title":"Committee/EDF ACTION VOTES","text":"","tags":"Committee","caption":"EDF ACTION VOTES","modified":"20250417004315411","persuasion":"Liberal"},{"created":"20250416232722355","title":"Committee/ELECT DEMOCRATIC WOMEN","text":"","tags":"Committee","caption":"ELECT DEMOCRATIC WOMEN","modified":"20250417004316345","persuasion":"Liberal"},{"created":"20250416232722518","title":"Committee/ELECT DIVERSE DEMOCRATS PAC","text":"","tags":"Committee","caption":"ELECT DIVERSE DEMOCRATS PAC","modified":"20250417004317847","persuasion":"Liberal"},{"created":"20250416232722567","title":"Committee/ELISE FOR CONGRESS","text":"","tags":"Committee","caption":"ELISE FOR CONGRESS","modified":"20250417004352173","persuasion":"Conservative"},{"created":"20250416232722150","title":"Committee/EMILY'S LIST","text":"","tags":"Committee","caption":"EMILY'S LIST","modified":"20250417004400949","persuasion":"Liberal"},{"created":"20250416232722387","title":"Committee/END CITIZENS UNITED","text":"","tags":"Committee","caption":"END CITIZENS UNITED","modified":"20250417004401855","persuasion":"Liberal"},{"created":"20250416232722426","title":"Committee/EQUALITY PAC","text":"","tags":"Committee","caption":"EQUALITY PAC","modified":"20250417004421665","persuasion":"Liberal"},{"created":"20250416232722413","title":"Committee/FRIENDS OF BERNIE SANDERS","text":"","tags":"Committee","caption":"FRIENDS OF BERNIE SANDERS","modified":"20250417004423077","persuasion":"Liberal"},{"created":"20250416232722236","title":"Committee/FRIENDS OF CHRIS MURPHY","text":"","tags":"Committee","caption":"FRIENDS OF CHRIS MURPHY","modified":"20250417004423915","persuasion":"Liberal"},{"created":"20250416232722184","title":"Committee/FRIENDS OF ELIZABETH ESTY","text":"","tags":"Committee","caption":"FRIENDS OF ELIZABETH ESTY","modified":"20250417004509293","persuasion":"Liberal"},{"created":"20250416232722277","title":"Committee/FRIENDS OF JAHANA HAYES","text":"","tags":"Committee","caption":"FRIENDS OF JAHANA HAYES","modified":"20250417004511407","persuasion":"Liberal"},{"created":"20250416232722210","title":"Committee/FRIENDS OF KELLY AYOTTE INC","text":"","tags":"Committee","caption":"FRIENDS OF KELLY AYOTTE INC","modified":"20250417004537638","persuasion":"Conservative"},{"created":"20250416232722269","title":"Committee/FRIENDS OF RANDY WADKINS","text":"","tags":"Committee","caption":"FRIENDS OF RANDY WADKINS","modified":"20250417004614566","persuasion":"Liberal"},{"created":"20250416232722228","title":"Committee/FRIENDS OF ROSA DELAURO","text":"","tags":"Committee","caption":"FRIENDS OF ROSA DELAURO","modified":"20250417004615488","persuasion":"Liberal"},{"created":"20250416232722586","title":"Committee/FRIENDS OF SHERROD BROWN","text":"","tags":"Committee","caption":"FRIENDS OF SHERROD BROWN","modified":"20250417004616206","persuasion":"Liberal"},{"created":"20250416232722602","title":"Committee/GALLEGO FOR ARIZONA","text":"","tags":"Committee","caption":"GALLEGO FOR ARIZONA","modified":"20250417004742225","persuasion":"Liberal"},{"created":"20250416232722146","title":"Committee/GENERAL DYNAMICS CORPORATION POLITICAL ACTION COMMITTEE (GDC PAC)","text":"","tags":"Committee","caption":"GENERAL DYNAMICS CORPORATION POLITICAL ACTION COMMITTEE (GDC PAC)","modified":"20250417004715874","persuasion":"Unknown"},{"created":"20250416232722477","title":"Committee/GENERAL DYNAMICS CORPORATION POLITICAL ACTION COMMITTEE (GENERAL DYNAMICS EMPLOYEE PAC)","text":"","tags":"Committee","caption":"GENERAL DYNAMICS CORPORATION POLITICAL ACTION COMMITTEE (GENERAL DYNAMICS EMPLOYEE PAC)","modified":"20250417004725138","persuasion":"Unknown"},{"created":"20250416232722544","title":"Committee/GEORGE LOGAN FOR CONGRESS","text":"","tags":"Committee","caption":"GEORGE LOGAN FOR CONGRESS","modified":"20250417004723846","persuasion":"Conservative"},{"created":"20250416232722165","title":"Committee/GRASSROOTS EAST - FEDERAL","text":"","tags":"Committee","caption":"GRASSROOTS EAST - FEDERAL","modified":"20250417004812431","persuasion":"Conservative"},{"created":"20250416232722559","title":"Committee/HARRIS FOR PRESIDENT","text":"","tags":"Committee","caption":"HARRIS FOR PRESIDENT","modified":"20250417004813589","persuasion":"Liberal"},{"created":"20250416232722574","title":"Committee/HARRIS VICTORY FUND","text":"","tags":"Committee","caption":"HARRIS VICTORY FUND","modified":"20250417004814652","persuasion":"Liberal"},{"created":"20250416232722217","title":"Committee/HILLARY FOR AMERICA","text":"","tags":"Committee","caption":"HILLARY FOR AMERICA","modified":"20250417004816140","persuasion":"Liberal"},{"created":"20250416232722250","title":"Committee/HILLARY VICTORY FUND","text":"","tags":"Committee","caption":"HILLARY VICTORY FUND","modified":"20250417004817321","persuasion":"Liberal"},{"created":"20250416232722555","title":"Committee/HMP","text":"","tags":"Committee","caption":"HMP","modified":"20250417020958665","persuasion":"Unknown"},{"created":"20250416232722395","title":"Committee/HOUSE FREEDOM FUND","text":"","tags":"Committee","caption":"HOUSE FREEDOM FUND","modified":"20250417014333726","persuasion":"Conservative"},{"created":"20250416232722437","title":"Committee/HOUSE MAJORITY PAC","text":"","tags":"Committee","caption":"HOUSE MAJORITY PAC","modified":"20250417014307621","persuasion":"Liberal"},{"created":"20250416232722300","title":"Committee/IT STARTS TODAY","text":"","tags":"Committee","caption":"IT STARTS TODAY","modified":"20250417014443545","persuasion":"Liberal"},{"created":"20250416232722344","title":"Committee/JAIME HARRISON FOR US SENATE","text":"","tags":"Committee","caption":"JAIME HARRISON FOR US SENATE","modified":"20250417014515415","persuasion":"Liberal"},{"created":"20250416232722481","title":"Committee/JOHN KENNEDY FOR US","text":"","tags":"Committee","caption":"JOHN KENNEDY FOR US","modified":"20250417014613904","persuasion":"Conservative"},{"created":"20250416232722303","title":"Committee/JOHN WALSH FOR COLORADO","text":"","tags":"Committee","caption":"JOHN WALSH FOR COLORADO","modified":"20250417014651022","persuasion":"Liberal"},{"created":"20250416232722247","title":"Committee/JON OSSOFF FOR CONGRESS","text":"","tags":"Committee","caption":"JON OSSOFF FOR CONGRESS","modified":"20250417014652348","persuasion":"Liberal"},{"created":"20250416232722399","title":"Committee/JON OSSOFF FOR SENATE","text":"","tags":"Committee","caption":"JON OSSOFF FOR SENATE","modified":"20250417014653961","persuasion":"Liberal"},{"created":"20250416232722451","title":"Committee/JOSH HARDER FOR CONGRESS","text":"","tags":"Committee","caption":"JOSH HARDER FOR CONGRESS","modified":"20250417014809928","persuasion":"Liberal"},{"created":"20250416232722348","title":"Committee/LANGEVIN FOR CONGRESS","text":"","tags":"Committee","caption":"LANGEVIN FOR CONGRESS","modified":"20250417014832551","persuasion":"Liberal"},{"created":"20250416232722180","title":"Committee/LEAGUE OF CONSERVATION VOTERS ACTION FUND","text":"","tags":"Committee","caption":"LEAGUE OF CONSERVATION VOTERS ACTION FUND","modified":"20250417014840156","persuasion":"Liberal"},{"created":"20250416232722462","title":"Committee/LEORA LEVY FOR U.S. SENATE, INC.","text":"","tags":"Committee","caption":"LEORA LEVY FOR U.S. SENATE, INC.","modified":"20250417014916757","persuasion":"Conservative"},{"created":"20250416232722423","title":"Committee/MAKE AMERICA GREAT AGAIN PAC","text":"","tags":"Committee","caption":"MAKE AMERICA GREAT AGAIN PAC","modified":"20250417014923130","persuasion":"Conservative"},{"created":"20250416232722506","title":"Committee/MANDELA BARNES FOR WISCONSIN","text":"","tags":"Committee","caption":"MANDELA BARNES FOR WISCONSIN","modified":"20250417014948899","persuasion":"Liberal"},{"created":"20250416232722430","title":"Committee/MARK KELLY FOR SENATE","text":"","tags":"Committee","caption":"MARK KELLY FOR SENATE","modified":"20250417014953197","persuasion":"Liberal"},{"created":"20250416232722154","title":"Committee/MASSACHUSETTS MUTUAL LIFE INSURANCE COMPANY POLITICAL ACTION COMMITTEE","text":"","tags":"Committee","caption":"MASSACHUSETTS MUTUAL LIFE INSURANCE COMPANY POLITICAL ACTION COMMITTEE","modified":"20250417014955431","persuasion":"Unknown"},{"created":"20250416232722162","title":"Committee/MATT BEVIN FOR SENATE INC","text":"","tags":"Committee","caption":"MATT BEVIN FOR SENATE INC","modified":"20250417015033192","persuasion":"Conservative"},{"created":"20250416232722552","title":"Committee/MAYRA FLORES FOR CONGRESS","text":"","tags":"Committee","caption":"MAYRA FLORES FOR CONGRESS","modified":"20250417015132159","persuasion":"Liberal"},{"created":"20250416232722611","title":"Committee/MCCORKLE FOR COLORADO","text":"","tags":"Committee","caption":"MCCORKLE FOR COLORADO","modified":"20250417015201196","persuasion":"Liberal"},{"created":"20250416232722391","title":"Committee/MCSALLY FOR SENATE INC","text":"","tags":"Committee","caption":"MCSALLY FOR SENATE INC","modified":"20250417015202573","persuasion":"Conservative"},{"created":"20250416232722473","title":"Committee/MCSALLY PAC","text":"","tags":"Committee","caption":"MCSALLY PAC","modified":"20250417015203269","persuasion":"Conservative"},{"created":"20250416232722433","title":"Committee/MIKE FRANCE CT2","text":"","tags":"Committee","caption":"MIKE FRANCE CT2","modified":"20250417015206730","persuasion":"Conservative"},{"created":"20250416232722570","title":"Committee/MONTANANS FOR TESTER","text":"","tags":"Committee","caption":"MONTANANS FOR TESTER","modified":"20250417015210643","persuasion":"Liberal"},{"created":"20250416232722510","title":"Committee/MOVEMENT VOTER PAC","text":"","tags":"Committee","caption":"MOVEMENT VOTER PAC","modified":"20250417015238185","persuasion":"Liberal"},{"created":"20250416232722383","title":"Committee/MOVEON.ORG POLITICAL ACTION","text":"","tags":"Committee","caption":"MOVEON.ORG POLITICAL ACTION","modified":"20250417015241145","persuasion":"Liberal"},{"created":"20250416232722232","title":"Committee/NANCY PELOSI FOR CONGRESS","text":"","tags":"Committee","caption":"NANCY PELOSI FOR CONGRESS","modified":"20250417015243583","persuasion":"Liberal"},{"created":"20250416232722416","title":"Committee/NATIONAL DEMOCRATIC TRAINING COMMITTEE PAC","text":"","tags":"Committee","caption":"NATIONAL DEMOCRATIC TRAINING COMMITTEE PAC","modified":"20250417015245686","persuasion":"Liberal"},{"created":"20250416232722419","title":"Committee/NATIONAL VICTORY ACTION FUND","text":"","tags":"Committee","caption":"NATIONAL VICTORY ACTION FUND","modified":"20250417015313214","persuasion":"Conservative"},{"created":"20250416232722487","title":"Committee/NEVER SURRENDER, INC.","text":"","tags":"Committee","caption":"NEVER SURRENDER, INC.","modified":"20250417015435428","persuasion":"Conservative"},{"created":"20250416232722526","title":"Committee/NIKKI HALEY FOR PRESIDENT INC.","text":"","tags":"Committee","caption":"NIKKI HALEY FOR PRESIDENT INC.","modified":"20250417015436884","persuasion":"Conservative"},{"created":"20250416232722582","title":"Committee/NO VOTE LEFT BEHIND PAC","text":"","tags":"Committee","caption":"NO VOTE LEFT BEHIND PAC","modified":"20250417015511968","persuasion":"Liberal"},{"created":"20250416232722177","title":"Committee/NRCC","text":"","tags":"Committee","caption":"NRCC","modified":"20250417015514303","persuasion":"Conservative"},{"created":"20250416232722615","title":"Committee/NY REPUBLICAN FEDERAL CAMPAIGN COMMITTEE","text":"","tags":"Committee","caption":"NY REPUBLICAN FEDERAL CAMPAIGN COMMITTEE","modified":"20250417015521446","persuasion":"Conservative"},{"created":"20250416232722541","title":"Committee/PAF","text":"","tags":"Committee","caption":"PAF","modified":"20250417015613352","persuasion":"Unknown"},{"created":"20250416232722133","title":"Committee/PAUL BROUN COMMITTEE","text":"","tags":"Committee","caption":"PAUL BROUN COMMITTEE","modified":"20250417015635556","persuasion":"Conservative"},{"created":"20250416232722376","title":"Committee/PETERS FOR MICHIGAN","text":"","tags":"Committee","caption":"PETERS FOR MICHIGAN","modified":"20250417015704792","persuasion":"Liberal"},{"created":"20250416232722297","title":"Committee/POLITICAL ACTION COMMITTEE OF THE AMERICAN ASSOCIATION OF ORTHOPAEDIC SURGEONS--PAC OF AAOS","text":"","tags":"Committee","caption":"POLITICAL ACTION COMMITTEE OF THE AMERICAN ASSOCIATION OF ORTHOPAEDIC SURGEONS--PAC OF AAOS","modified":"20250417015733910","persuasion":"Unknown"},{"created":"20250416232722158","title":"Committee/PRICEWATERHOUSECOOPERS POLITICAL ACTION COMMITTEE I","text":"","tags":"Committee","caption":"PRICEWATERHOUSECOOPERS POLITICAL ACTION COMMITTEE I","modified":"20250417015736637","persuasion":"Unknown"},{"created":"20250416232722368","title":"Committee/PROGRESSIVE TAKEOVER","text":"","tags":"Committee","caption":"PROGRESSIVE TAKEOVER","modified":"20250417015803249","persuasion":"Liberal"},{"created":"20250416232722372","title":"Committee/PROGRESSIVE TURNOUT PROJECT","text":"","tags":"Committee","caption":"PROGRESSIVE TURNOUT PROJECT","modified":"20250417015805437","persuasion":"Liberal"},{"created":"20250416232722288","title":"Committee/RAYTHEON TECHNOLOGIES CORPORATION PAC (FORMERLY UTC PAC)","text":"","tags":"Committee","caption":"RAYTHEON TECHNOLOGIES CORPORATION PAC (FORMERLY UTC PAC)","modified":"20250417015807068","persuasion":"Unknown"},{"created":"20250416232722195","title":"Committee/RE-ELECT MCGOVERN COMMITTEE","text":"","tags":"Committee","caption":"RE-ELECT MCGOVERN COMMITTEE","modified":"20250417015846841","persuasion":"Liberal"},{"created":"20250416232722198","title":"Committee/REPUBLICAN NATIONAL COMMITTEE","text":"","tags":"Committee","caption":"REPUBLICAN NATIONAL COMMITTEE","modified":"20250417015921770","persuasion":"Liberal"},{"created":"20250416232722202","title":"Committee/RICHARD E NEAL FOR CONGRESS COMMITTEE","text":"","tags":"Committee","caption":"RICHARD E NEAL FOR CONGRESS COMMITTEE","modified":"20250417021056678","persuasion":"Liberal"},{"created":"20250416232722522","title":"Committee/RON JOHNSON FOR SENATE, INC.","text":"","tags":"Committee","caption":"RON JOHNSON FOR SENATE, INC.","modified":"20250417015927204","persuasion":"Conservative"},{"created":"20250416232722491","title":"Committee/ROSEN FOR NEVADA","text":"","tags":"Committee","caption":"ROSEN FOR NEVADA","modified":"20250417015946718","persuasion":"Liberal"},{"created":"20250416232722188","title":"Committee/RYAN FOR CONGRESS, INC.","text":"","tags":"Committee","caption":"RYAN FOR CONGRESS, INC.","modified":"20250417020441656","persuasion":"Conservative"},{"created":"20250416232722360","title":"Committee/SARA GIDEON FOR MAINE","text":"","tags":"Committee","caption":"SARA GIDEON FOR MAINE","modified":"20250417020442753","persuasion":"Liberal"},{"created":"20250416232722501","title":"Committee/SAVE AMERICA","text":"","tags":"Committee","caption":"SAVE AMERICA","modified":"20250417020510904","persuasion":"Conservative"},{"created":"20250416232722326","title":"Committee/SENATE CONSERVATIVES FUND","text":"","tags":"Committee","caption":"SENATE CONSERVATIVES FUND","modified":"20250417020513267","persuasion":"Conservative"},{"created":"20250416232722244","title":"Committee/SENATE MAJORITY PAC","text":"","tags":"Committee","caption":"SENATE MAJORITY PAC","modified":"20250417020534845","persuasion":"Liberal"},{"created":"20250416232722336","title":"Committee/STOP REPUBLICANS","text":"","tags":"Committee","caption":"STOP REPUBLICANS","modified":"20250417020537115","persuasion":"Liberal"},{"created":"20250416232722262","title":"Committee/SWING LEFT","text":"","tags":"Committee","caption":"SWING LEFT","modified":"20250417020538518","persuasion":"Liberal"},{"created":"20250416232722606","title":"Committee/TAMMY BALDWIN FOR SENATE","text":"","tags":"Committee","caption":"TAMMY BALDWIN FOR SENATE","modified":"20250417020539751","persuasion":"Liberal"},{"created":"20250416232722402","title":"Committee/TEAM GRAHAM, INC.","text":"","tags":"Committee","caption":"TEAM GRAHAM, INC.","modified":"20250417020611211","persuasion":"Conservative"},{"created":"20250416232722533","title":"Committee/TEAM KENNEDY","text":"","tags":"Committee","caption":"TEAM KENNEDY","modified":"20250417020614206","persuasion":"Conservative"},{"created":"20250416232722340","title":"Committee/THE LINCOLN PROJECT","text":"","tags":"Committee","caption":"THE LINCOLN PROJECT","modified":"20250417020618048","persuasion":"Liberal"},{"created":"20250416232722469","title":"Committee/TIM RYAN FOR OHIO","text":"","tags":"Committee","caption":"TIM RYAN FOR OHIO","modified":"20250417020645593","persuasion":"Liberal"},{"created":"20250416232722406","title":"Committee/TONY GONZALES FOR CONGRESS","text":"","tags":"Committee","caption":"TONY GONZALES FOR CONGRESS","modified":"20250417020711838","persuasion":"Conservative"},{"created":"20250416232722273","title":"Committee/TRUMP MAKE AMERICA GREAT AGAIN COMMITTEE","text":"","tags":"Committee","caption":"TRUMP MAKE AMERICA GREAT AGAIN COMMITTEE","modified":"20250417020713212","persuasion":"Conservative"},{"created":"20250416232722548","title":"Committee/TRUMP NATIONAL COMMITTEE JFC, INC.","text":"","tags":"Committee","caption":"TRUMP NATIONAL COMMITTEE JFC, INC.","modified":"20250417020714170","persuasion":"Conservative"},{"created":"20250416232722455","title":"Committee/TRUMP SAVE AMERICA JOINT FUNDRAISING COMMITTEE","text":"","tags":"Committee","caption":"TRUMP SAVE AMERICA JOINT FUNDRAISING COMMITTEE","modified":"20250417020716249","persuasion":"Conservative"},{"created":"20250416232722141","title":"Committee/UNITED TECHNOLOGIES CORPORATION POLITICAL ACTION COMMITTEE","text":"","tags":"Committee","caption":"UNITED TECHNOLOGIES CORPORATION POLITICAL ACTION COMMITTEE","modified":"20250417020718166","persuasion":"Unknown"},{"created":"20250416232722496","title":"Committee/VAL DEMINGS FOR U.S. SENATE","text":"","tags":"Committee","caption":"VAL DEMINGS FOR U.S. SENATE","modified":"20250417020808643","persuasion":"Liberal"},{"created":"20250416232722280","title":"Committee/VIGOP (VIRGIN ISLANDS REPUBLICAN PARTY)","text":"","tags":"Committee","caption":"VIGOP (VIRGIN ISLANDS REPUBLICAN PARTY)","modified":"20250417020810328","persuasion":"Conservative"},{"created":"20250416232722440","title":"Committee/WARNOCK FOR GEORGIA","text":"","tags":"Committee","caption":"WARNOCK FOR GEORGIA","modified":"20250417020813924","persuasion":"Liberal"},{"created":"20250416232722312","title":"Committee/WARREN FOR PRESIDENT, INC.","text":"","tags":"Committee","caption":"WARREN FOR PRESIDENT, INC.","modified":"20250417020815067","persuasion":"Liberal"},{"created":"20250416232722537","title":"Committee/WHITEHOUSE FOR SENATE","text":"","tags":"Committee","caption":"WHITEHOUSE FOR SENATE","modified":"20250417020822099","persuasion":"Liberal"},{"created":"20250416232722365","title":"Committee/WINRED","text":"","tags":"Committee","caption":"WINRED","modified":"20250417020818065","persuasion":"Conservative"}]